state,accidents,fatalities,total_hours,incidence_rate_200k
WV,29701,156,887505859,6.69
KY,18818,97,645412376,5.83
PA,14255,50,545639513,5.23
IL,8739,22,297746702,5.87
TX,8664,52,711421351,2.44
AZ,8206,21,506918300,3.24
AL,6961,32,326591832,4.26
NV,6719,33,535286119,2.51
VA,6367,21,309140066,4.12
IN,5933,17,286797274,4.14
CA,5409,21,348709480,3.10
WY,5203,11,408328444,2.55
OH,4567,17,246289522,3.71
MO,4384,22,256732031,3.42
CO,4123,13,213518276,3.86
UT,3292,24,228743312,2.88
MN,2959,12,223980687,2.64
MT,2899,14,167749550,3.46
FL,2865,17,234295652,2.45
NM,2808,13,189835601,2.96
WI,2720,6,134399638,4.05
GA,2566,20,254581020,2.02
TN,2431,20,163409460,2.98
NY,2407,13,162620574,2.96
MI,2334,7,160436889,2.91
OK,2125,10,137445314,3.09
ID,1930,9,84035366,4.59
AK,1759,8,121106510,2.90
NC,1747,6,156339762,2.23
IA,1655,11,105441153,3.14
WA,1628,7,85841121,3.79
AR,1552,8,117729706,2.64
LA,1375,11,105478766,2.61
MD,1301,5,71110324,3.66
SC,1109,6,86071743,2.58
KS,1073,7,66213155,3.24
NJ,927,2,54569777,3.40
OR,896,4,60638024,2.96
SD,840,2,39405957,4.26
PR,622,3,42827522,2.90
NE,568,5,38161679,2.98
VT,519,2,33826101,3.07
MS,512,5,51353256,1.99
MA,503,5,40469679,2.49
ND,491,2,63039979,1.56
HI,314,0,15203953,4.13
NH,308,2,20607224,2.99
CT,289,0,27033962,2.14
ME,271,0,23564151,2.30
RI,70,2,8204969,1.71
DE,52,0,3912260,2.66
VI,17,0,2132999,1.59
GU,2,0,2164635,0.18
MP,1,0,1988523,0.10
