mine_name,state,mine_type,commodity,accidents,fatalities,total_hours,incidence_rate_200k
Spruce Fork Mine No 1,WV,Underground,Coal,344,0,1195189,57.56
Sago Mine,WV,Underground,Coal,173,12,815567,42.42
Mathies,PA,Underground,Coal,143,0,841550,33.98
Whitetail Kittanning Mine,WV,Surface,Coal,782,1,4697915,33.29
Winifrede No. 13-A Mine,WV,Underground,Coal,93,0,561842,33.11
Mammoth #2 Gas,WV,Underground,Coal,128,0,799652,32.01
Island Mine #1,KY,Underground,Coal,90,0,588603,30.58
Campbells Creek 11B Mine,WV,Underground,Coal,183,1,1299277,28.17
Four Mile Deep Mine,WV,Underground,Coal,70,0,512969,27.29
Sabel Quarry,WI,Surface,Metal/Non-Metal,123,0,921219,26.70
Coalburg No 2 Mine,WV,Underground,Coal,115,0,874809,26.29
Black Knight II,WV,Underground,Coal,91,0,720079,25.28
Yellowbush Mine,OH,Underground,Coal,70,0,560096,25.00
Beckley Mine,WV,Underground,Coal,220,0,1785110,24.65
South Central Mine,OK,Underground,Coal,151,1,1229574,24.56
Dorothy No 3 Mine,WV,Underground,Coal,84,0,686671,24.47
10A Mine,WV,Underground,Coal,70,0,577506,24.24
Eagle No. 1 Mine,WV,Underground,Coal,67,0,558485,23.99
Coke Mine No 1,AL,Surface,Coal,59,0,505754,23.33
WFI,IL,Facility,Coal,152,0,1304288,23.31
Big Ridge Mine Portal No 2,IL,Underground,Coal,82,0,705082,23.26
#4,KY,Underground,Coal,254,0,2207268,23.01
Jarisa Cave Spur Mine,KY,Underground,Coal,180,0,1564735,23.01
Straight Creek #1 Mine,KY,Underground,Coal,114,0,1004217,22.70
Tiny Creek No 2 Mine,WV,Underground,Coal,88,1,779466,22.58
Campbells Creek No 10 Mine,WV,Underground,Coal,254,1,2284523,22.24
Campbells Creek No 4,WV,Underground,Coal,88,0,799464,22.01
Riola Mine Complex - Riola Portal,IL,Underground,Coal,152,0,1384450,21.96
Baker Mine,KY,Underground,Coal,305,0,2801932,21.77
Lightfoot No. 2A Mine,WV,Underground,Coal,229,0,2128280,21.52
TRUPP LOVELAND,CO,Surface,Metal/Non-Metal,186,0,1729238,21.51
Hamilton Shop,PA,Facility,Coal,94,0,885057,21.24
Riola Complex Vermilion Grove Portal,IL,Underground,Coal,275,0,2592254,21.22
SWENSON GRAY QUARRY,NH,Surface,Metal/Non-Metal,187,0,1766787,21.17
White Queen,WV,Underground,Coal,92,0,915655,20.09
Miller Mine,PA,Underground,Coal,57,0,569104,20.03
No 2 Mine,WV,Underground,Coal,239,1,2411523,19.82
E3-5B,KY,Underground,Coal,66,0,667155,19.79
#3 Mine,WV,Underground,Coal,99,0,1001158,19.78
Darmac No. 2 Mine,PA,Surface,Coal,107,0,1085152,19.72
Lick Branch Mine No 2,WV,Underground,Coal,53,0,540184,19.62
Mine No. 11,TN,Underground,Coal,51,0,521737,19.55
Sanborn Creek Mine,CO,Underground,Coal,100,1,1029563,19.43
Mine #15,KY,Underground,Coal,77,0,794011,19.40
Roaring Fork No. 3 ,VA,Underground,Coal,91,0,946944,19.22
Winifred Deep Mine,WV,Underground,Coal,52,0,545228,19.07
Mountaineer Mine,WV,Underground,Coal,68,0,718113,18.94
No 130 Mine,WV,Underground,Coal,119,1,1267479,18.78
Bronzite III,WV,Underground,Coal,102,1,1089806,18.72
Beaver Valley,PA,Surface,Coal,75,1,801601,18.71
