classification,accidents,fatalities,avg_days_lost
HANDLING OF MATERIALS,79033,13,26.3
SLIP OR FALL OF PERSON,46908,111,40.0
HANDTOOLS (NONPOWERED),28945,4,14.5
MACHINERY,28034,252,25.3
FALL OF ROOF OR BACK,27465,88,14.4
POWERED HAULAGE,20181,364,43.4
OTHER,7823,44,18.1
DISORDERS (REPEATED TRAUMA),6082,0,21.7
HOISTING,5406,13,2.9
STEPPING OR KNEELING ON OBJECT,3784,1,30.6
STRIKING OR BUMPING,2509,1,21.9
FALL OF FACE/RIB/PILLAR/SIDE/HIGHWALL,2379,74,53.8
FIRE,2374,5,8.4
DUST DISEASE OF LUNGS,2302,0,2.2
NO VALUE FOUND,2106,0,98.0
