year,total_accidents,fatalities,total_days_lost,total_hours,incidence_rate_200k,fatality_rate_200k
2005,14787,58,318080.0,537780012,5.50,0.0216
2006,14498,73,297242.0,554104407,5.23,0.0263
2007,14383,67,267445.0,551612996,5.21,0.0243
2008,13609,53,257220.0,548254858,4.96,0.0193
2009,10968,35,258655.0,485369879,4.52,0.0144
2010,10756,72,238527.0,495311904,4.34,0.0291
2011,11038,36,238643.0,523893160,4.21,0.0137
2012,10036,36,232653.0,518680724,3.87,0.0139
2013,9581,42,262716.0,504338011,3.80,0.0167
2014,9420,46,257770.0,499992777,3.77,0.0184
2015,8239,29,226659.0,473623158,3.48,0.0122
2016,7067,25,199267.0,433453633,3.26,0.0115
2017,6984,28,203262.0,447178170,3.12,0.0125
2018,6863,28,189725.0,462146039,2.97,0.0121
2019,6824,27,197038.0,462826571,2.95,0.0117
2020,5391,29,165886.0,410797283,2.62,0.0141
2021,5676,38,159789.0,413802746,2.74,0.0184
2022,5980,30,161603.0,437409480,2.73,0.0137
2023,6093,40,148957.0,452323109,2.69,0.0177
2024,5991,28,194732.0,453155658,2.64,0.0124
2025,5602,33,156644.0,446060990,2.51,0.0148
