year,commodity,accidents,total_hours,incidence_rate_200k
2005,Coal,7015,181309766,7.74
2005,Metal/Non-Metal,7772,356470246,4.36
2006,Coal,7169,188908926,7.59
2006,Metal/Non-Metal,7329,365195481,4.01
2007,Coal,7078,186365193,7.60
2007,Metal/Non-Metal,7305,365247803,4.00
2008,Coal,6822,200239566,6.81
2008,Metal/Non-Metal,6787,348015292,3.90
2009,Coal,6073,195031815,6.23
2009,Metal/Non-Metal,4895,290338064,3.37
2010,Coal,5910,199228427,5.93
2010,Metal/Non-Metal,4846,296083477,3.27
2011,Coal,6089,215131967,5.66
2011,Metal/Non-Metal,4949,308761193,3.21
2012,Coal,5105,199760746,5.11
2012,Metal/Non-Metal,4931,318919978,3.09
2013,Coal,4670,181864205,5.14
2013,Metal/Non-Metal,4911,322473806,3.05
2014,Coal,4547,171606929,5.30
2014,Metal/Non-Metal,4873,328385848,2.97
2015,Coal,3608,145985500,4.94
2015,Metal/Non-Metal,4631,327637658,2.83
2016,Coal,2830,112877934,5.01
2016,Metal/Non-Metal,4237,320575699,2.64
2017,Coal,3022,121105825,4.99
2017,Metal/Non-Metal,3962,326072345,2.43
2018,Coal,2836,124031544,4.57
2018,Metal/Non-Metal,4027,338114495,2.38
2019,Coal,2820,121247357,4.65
2019,Metal/Non-Metal,4004,341579214,2.34
2020,Coal,1894,89437399,4.24
2020,Metal/Non-Metal,3497,321359884,2.18
2021,Coal,1954,88304059,4.43
2021,Metal/Non-Metal,3722,325498687,2.29
2022,Coal,2210,99661988,4.43
2022,Metal/Non-Metal,3770,337747492,2.23
2023,Coal,2244,104747795,4.28
2023,Metal/Non-Metal,3849,347575314,2.21
2024,Coal,2163,100730452,4.29
2024,Metal/Non-Metal,3828,352425206,2.17
2025,Coal,1990,94841894,4.20
2025,Metal/Non-Metal,3612,351219096,2.06
